"Term","Df","Sum Sq","Mean Sq","F value","Pr(>F)"
"test_date  ",4,42.5213561902086,10.6303390475522,159.791206873138,6.63429896497461e-126
"Residuals  ",3547,235.969258506214,0.0665264331847236,NA,NA
