"Term","Df","Sum Sq","Mean Sq","F value","Pr(>F)"
"test_date  ",4,5.14636017746476,1.28659004436619,69.5870540818998,7.53693631831914e-58
"Residuals  ",6883,127.25929258264,0.0184889281683336,NA,NA
