"Term","Df","Sum Sq","Mean Sq","F value","Pr(>F)"
"test_date  ",5,129.244552997569,25.8489105995138,482.344253792611,0
"Residuals  ",5340,286.171508245546,0.0535901700834356,NA,NA
