"Term","Df","Sum Sq","Mean Sq","F value","Pr(>F)"
"test_date  ",5,117.644315110606,23.5288630221211,337.350078572018,6.14076059278292e-315
"Residuals  ",5340,372.444343484283,0.0697461317386298,NA,NA
