"Term","Df","Sum Sq","Mean Sq","F value","Pr(>F)"
"test_date  ",4,68.1527952379436,17.0381988094859,516.42085670852,0
"Residuals  ",3547,117.025659192841,0.0329928557070317,NA,NA
