"Term","Df","Sum Sq","Mean Sq","F value","Pr(>F)"
"test_date  ",4,71.6163124636358,17.904078115909,272.057333539906,3.32674936987131e-204
"Residuals  ",3547,233.427874377861,0.0658099448485653,NA,NA
