"rowname","Term","Df","Sum Sq","Mean Sq","F value","Pr(>F)"
"1","genotype               ",39,0.221275651991567,0.00567373466645043,7.49618230527526,1.17674916999881e-26
"2","collectiondate         ",4,0.0126053893862627,0.00315134734656568,4.16358458861113,0.00267082334105345
"3","genotype:collectiondate",154,0.162130289950075,0.0010527940905849,1.39095972880208,0.00774330375519257
"4","Residuals              ",311,0.235390684138557,0.000756883228741339,NA,NA
