"Term","Df","Sum Sq","Mean Sq","F value","Pr(>F)"
"test_date  ",4,113.30450944888,28.3261273622201,462.895645750884,1.84286485898785e-321
"Residuals  ",3547,217.052751902242,0.0611933329298682,NA,NA
