"Term","Df","Sum Sq","Mean Sq","F value","Pr(>F)"
"test_date  ",4,80.6196654380962,20.1549163595241,183.993064731469,1.83639745593243e-143
"Residuals  ",3547,388.544472758079,0.109541717721477,NA,NA
