"Term","Df","Sum Sq","Mean Sq","F value","Pr(>F)"
"test_date  ",5,129.001647598967,25.8003295197935,471.31603876839,0
"Residuals  ",5340,292.317146676608,0.0547410387034846,NA,NA
