"Term","Df","Sum Sq","Mean Sq","F value","Pr(>F)"
"test_date  ",4,25.7667457792374,6.44168644480935,184.691598554444,1.38749095328127e-150
"Residuals  ",6883,240.065753649063,0.0348780696860471,NA,NA
