"Term","Df","Sum Sq","Mean Sq","F value","Pr(>F)"
"test_date  ",4,39.9690135446696,9.99225338616739,326.07756833419,3.06939522169785e-239
"Residuals  ",3547,108.693532467745,0.0306437926325755,NA,NA
