"Term","Df","Sum Sq","Mean Sq","F value","Pr(>F)"
"test_date  ",5,142.381201671242,28.4762403342484,486.937557774741,0
"Residuals  ",5340,312.284647090688,0.0584802709907656,NA,NA
