"Term","Df","Sum Sq","Mean Sq","F value","Pr(>F)"
"test_date  ",4,3.42987846557672,0.857469616394181,44.8838904886825,2.89067130724205e-37
"Residuals  ",6883,131.494023922221,0.0191041731689991,NA,NA
