"Term","Df","Sum Sq","Mean Sq","F value","Pr(>F)"
"test_date  ",5,200.00424531959,40.000849063918,919.917340593964,0
"Residuals  ",5340,232.199703794477,0.0434830905982168,NA,NA
