"Term","Df","Sum Sq","Mean Sq","F value","Pr(>F)"
"test_date  ",4,33.9752919670127,8.49382299175316,240.95866595872,2.71588119695536e-183
"Residuals  ",3547,125.032191856963,0.0352501245720223,NA,NA
