"Term","Df","Sum Sq","Mean Sq","F value","Pr(>F)"
"test_date  ",4,116.756258783525,29.1890646958812,414.367586676639,2.73965286445173e-293
"Residuals  ",3547,249.859341814507,0.07044244201142,NA,NA
