"Term","Df","Sum Sq","Mean Sq","F value","Pr(>F)"
"test_date  ",4,14.3199126480011,3.57997816200027,91.4856083748296,3.94716123171568e-74
"Residuals  ",3547,138.799782459649,0.0391315992274171,NA,NA
