"Term","Df","Sum Sq","Mean Sq","F value","Pr(>F)"
"test_date  ",4,73.3772810099203,18.3443202524801,172.626358077737,2.89165011096875e-135
"Residuals  ",3547,376.925659905574,0.106266044518064,NA,NA
