"Term","Df","Sum Sq","Mean Sq","F value","Pr(>F)"
"genotype               ",79,0.863334770491454,0.010928288234069,19.7630329083253,3.65008027595995e-127
"collectiondate         ",4,0.0538245361024936,0.0134561340256234,24.3344624401632,8.72190932619695e-19
"genotype:collectiondate",307,0.226749642685336,0.000738598184642788,1.33570234573596,0.00129425007754321
"Residuals              ",650,0.359427997974568,0.000552966150730105,NA,NA
