"Term","Df","Sum Sq","Mean Sq","F value","Pr(>F)"
"test_date  ",5,173.738316523911,34.7476633047823,883.794475901369,0
"Residuals  ",5340,209.949854979909,0.0393164522434287,NA,NA
