"Term","Df","Sum Sq","Mean Sq","F value","Pr(>F)"
"test_date  ",4,17.0506886441748,4.26267216104369,136.595489655277,1.71208833453052e-112
"Residuals  ",6883,214.794592109215,0.0312065367004526,NA,NA
