"metric","crop","genotype_min","genotype_max","n_min","n_max","t_stat","df","p_value","conf_low","conf_high","mean_min","mean_max"
"Precision","corn","46","86",3,12,-1.74202707947068,2.24568242129022,0.209719337757782,-0.117433619661407,0.0446790007997498,0.931995000233632,0.968372309664461
"Precision","sorghum","26","42",24,30,-9.63427158985079,28.4883746884509,1.82774716145949e-10,-0.0800151966934448,-0.0519737900415065,0.910591241347125,0.9765857347146
"Precision","wheat","38","30",17,30,-5.8047160050429,17.2962206956979,1.97274602590358e-05,-0.0722366947181779,-0.0337605319608227,0.906475658941608,0.959474272281109
