"metric","crop","genotype_min","genotype_max","n_min","n_max","t_stat","df","p_value","conf_low","conf_high","mean_min","mean_max"
"F1","corn","30","122",2,10,-6.19847668780504,2.73773690143392,0.011007111695755,-0.0787365492431019,-0.0233595015067097,0.910738502264714,0.96178652763962
"F1","sorghum","39","80",20,28,-20.1963141315777,23.2682799919592,2.98089046036721e-16,-0.0628083721676057,-0.0511439633678194,0.921860264960436,0.978836432728149
"F1","wheat","29","40",14,30,-10.8761927126519,23.76674154765,1.04331383809713e-10,-0.0541163576202605,-0.0368460853979916,0.907710053390208,0.953191274899334
