"metric","crop","genotype_min","genotype_max","n_min","n_max","t_stat","df","p_value","conf_low","conf_high","mean_min","mean_max"
"Recall","corn","44","71",3,8,-3.7267550413239,2.04849754071907,0.0626923318265224,-0.173041139951179,0.0104641846626656,0.895515081279969,0.976803558924226
"Recall","sorghum","27","80",16,28,-3.55827744288414,15.5939722199517,0.00271262114495922,-0.0705646665575526,-0.0178051754254058,0.940264116297395,0.984449037288874
"Recall","wheat","29","40",14,30,-11.2724966690196,22.2279593564064,1.15498917927578e-10,-0.101724955179452,-0.0701270375914286,0.874071313680432,0.959997310065873
